{"cameraMode":{"drawMode":0,"name":"Shaded","section":"Shading Mode"},"sceneLighting":true,"audioPlay":false,"sceneViewState":{"m_AlwaysRefresh":false,"showFog":true,"showSkybox":true,"showFlares":true,"showImageEffects":true,"showParticleSystems":true,"showVisualEffectGraphs":true,"m_FxEnabled":true},"in2DMode":false,"pivot":{"x":280.8528137207031,"y":110.5103530883789,"z":0.7390846610069275},"rotation":{"x":-0.013496794737875462,"y":-0.011958128772675991,"z":0.00011415521294111386,"w":-0.9998842477798462},"size":117.76679992675781,"orthographic":true}